"antes_de_tudo,_por_favor,_insira_seu_endereço_de_e-mail_abaixo:",você_acha_que_o_momento_escolhido_para_o_treinamento_é_adequado_para_você?,você_pretende_participar_de_todas_as_aulas?,"considerando_sua_carga_de_trabalho_atual,_você_acredita_que_a_duração_das_aulas_é_apropriada?","considerando_o_início_do_treinamento,_você_sente_que_tem_o_apoio_necessário_de_seus_gestores_e_colegas_para_se_concentrar_no_treinamento_durante_o_horário_das_aulas?",qual_é_o_seu_nível_de_entusiasmo_em_relação_ao_conteúdo_e_objetivos_deste_treinamento?,como_você_avalia_a_qualidade_da_didática_e_apresentação_do_conteúdo_até_o_momento?,em_relação_ao_tópicos_que_você_acredita_que_podem_ser_melhor_explicados_ou_que_você_sente_dificuldade:,você_sente_que_o_tempo_dedicado_a_cada_tópico_é_adequado_para_o_seu_aprendizado?,qual_é_a_sua_percepção?,você_teve_a_oportunidade_de_revisar_os_conteúdos_conforme_necessário?,como_você_avalia_sua_própria_participação_e_dedicação_durante_o_treinamento_até_agora?,"você_está_sendo_solicitado/a_em_outras_tarefas_durante_o_treinamento?_se_sim,_como_isso_está_impactando_sua_experiência_de_aprendizado?","se_você_tivesse_a_oportunidade_de_estudar_outro_curso_da_escola,_qual_seria?",tempo_form_inicial_seg,tempo_form_andamento_seg,classificacao_comentario
meuemail104@mail.com,"Sim, o horário é ótimo para minha disponibilidade.","Pretendo, e já reservei o horário das aulas para focar no treinamento.","Sim, a duração das aulas é ideal.","Sim, minha equipe está ciente e acredito que vão colaborar para minha participação no treinamento ser eficiente.","Muito entusiasmado/a, estou ansioso/a para me desenvolver.","Boa, a maioria dos tópicos é clara, mas alguns podem ser explicados de forma mais detalhada.","Quando necessário, peço ao/a instrutor/a que explique novamente.","Sim, o ritmo do treinamento está adequado para mim.",,"Sim, estou conseguindo revisar os conteúdos quando necessário.","Regular, às vezes me pego distraído/a ou não totalmente focado/a.","Sim, ocasionalmente sou solicitado/a em outras tarefas, mas consigo lidar com isso sem problemas.",0,78.0,296.0,positivo
meuemail52@mail.com,"Sim, o horário é ótimo para minha disponibilidade.","Pretendo, e já reservei o horário das aulas para focar no treinamento.","Sim, a duração das aulas é ideal.","Sim, minha equipe está ciente e acredito que vão colaborar para minha participação no treinamento ser eficiente.","Muito entusiasmado/a, estou ansioso/a para me desenvolver.","Excelente, estou compreendendo bem todos os conceitos apresentados.",,"Sim, o ritmo do treinamento está adequado para mim.",,"Sim, estou conseguindo revisar os conteúdos quando necessário.","Regular, às vezes me pego distraído/a ou não totalmente focado/a.","Não, consigo me concentrar no treinamento sem interrupções.",0,59.0,1240.0,positivo
meuemail79@mail.com,"Sim, o horário é ótimo para minha disponibilidade.","Pretendo, e já reservei o horário das aulas para focar no treinamento.","Talvez, mas algumas aulas poderiam ser mais curtas.","Sim, minha equipe está ciente e acredito que vão colaborar para minha participação no treinamento ser eficiente.","Muito entusiasmado/a, estou ansioso/a para me desenvolver.","Excelente, estou compreendendo bem todos os conceitos apresentados.",,"Sim, o ritmo do treinamento está adequado para mim.",,"Sim, estou conseguindo revisar os conteúdos quando necessário.","Muito boa, estou participando ativamente e dedicando o tempo necessário.","Não, consigo me concentrar no treinamento sem interrupções.",0,44.0,33.0,
meuemail84@mail.com,"Mais ou menos, mas consigo me ajustar.","Pretendo, mas ocasionalmente podem surgir urgências que precisarei priorizar.","Não, as aulas são muito longas para mim neste momento.","Sim, minha equipe está ciente e acredito que vão colaborar para minha participação no treinamento ser eficiente.","Neutro/a, estou aberto/a às informações, mas não estou especialmente entusiasmado/a.","Excelente, estou compreendendo bem todos os conceitos apresentados.",,"Sim, o ritmo do treinamento está adequado para mim.",,"Não, não senti necessidade de revisar os conteúdos.","Muito boa, estou participando ativamente e dedicando o tempo necessário.","Não, consigo me concentrar no treinamento sem interrupções.",0,197.0,201.0,
meuemail42@mail.com,"Sim, o horário é ótimo para minha disponibilidade.","Pretendo, mas ocasionalmente podem surgir urgências que precisarei priorizar.","Sim, a duração das aulas é ideal.","Sim, minha equipe está ciente e acredito que vão colaborar para minha participação no treinamento ser eficiente.","Muito entusiasmado/a, estou ansioso/a para me desenvolver.","Boa, a maioria dos tópicos é clara, mas alguns podem ser explicados de forma mais detalhada.","Quando necessário, peço ao/a instrutor/a que explique novamente.",Mais ou menos.,Algumas partes poderiam ser mais lentas.,"Sim, estou conseguindo revisar os conteúdos quando necessário.","Regular, às vezes me pego distraído/a ou não totalmente focado/a.","Não, consigo me concentrar no treinamento sem interrupções.",0,6018.0,983.0,
meuemail16@mail.com,"Sim, o horário é ótimo para minha disponibilidade.","Pretendo, e já reservei o horário das aulas para focar no treinamento.","Sim, a duração das aulas é ideal.","Sim, minha equipe está ciente e acredito que vão colaborar para minha participação no treinamento ser eficiente.","Muito entusiasmado/a, estou ansioso/a para me desenvolver.","Excelente, estou compreendendo bem todos os conceitos apresentados.",,"Sim, o ritmo do treinamento está adequado para mim.",,"Sim, estou conseguindo revisar os conteúdos quando necessário.","Muito boa, estou participando ativamente e dedicando o tempo necessário.","Não, consigo me concentrar no treinamento sem interrupções.",0,51.0,190.0,positivo
meuemail13@mail.com,"Mais ou menos, mas consigo me ajustar.","Pretendo, mas ocasionalmente podem surgir urgências que precisarei priorizar.","Talvez, mas algumas aulas poderiam ser mais curtas.","Mais ou menos, imagino que terei interrupções às vezes, mas acredito que conseguirei lidar com elas para não afetar meu desempenho no treinamento.","Muito entusiasmado/a, estou ansioso/a para me desenvolver.","Excelente, estou compreendendo bem todos os conceitos apresentados.",,"Sim, o ritmo do treinamento está adequado para mim.",,"Sim, estou conseguindo revisar os conteúdos quando necessário.","Muito boa, estou participando ativamente e dedicando o tempo necessário.","Sim, ocasionalmente sou solicitado/a em outras tarefas, mas consigo lidar com isso sem problemas.",0,105.0,59.0,positivo
meuemail85@mail.com,"Mais ou menos, mas consigo me ajustar.","Pretendo, e já reservei o horário das aulas para focar no treinamento.","Sim, a duração das aulas é ideal.","Sim, minha equipe está ciente e acredito que vão colaborar para minha participação no treinamento ser eficiente.","Muito entusiasmado/a, estou ansioso/a para me desenvolver.","Excelente, estou compreendendo bem todos os conceitos apresentados.",,"Sim, o ritmo do treinamento está adequado para mim.",,"Sim, estou conseguindo revisar os conteúdos quando necessário.","Muito boa, estou participando ativamente e dedicando o tempo necessário.","Não, consigo me concentrar no treinamento sem interrupções.",3,61.0,53.0,
meuemail18@mail.com,"Sim, o horário é ótimo para minha disponibilidade.","Pretendo, e já reservei o horário das aulas para focar no treinamento.","Sim, a duração das aulas é ideal.","Sim, minha equipe está ciente e acredito que vão colaborar para minha participação no treinamento ser eficiente.","Muito entusiasmado/a, estou ansioso/a para me desenvolver.","Excelente, estou compreendendo bem todos os conceitos apresentados.",,"Sim, o ritmo do treinamento está adequado para mim.",,"Sim, estou conseguindo revisar os conteúdos quando necessário.","Muito boa, estou participando ativamente e dedicando o tempo necessário.","Sim, ocasionalmente sou solicitado/a em outras tarefas, mas consigo lidar com isso sem problemas.",0,176.0,400.0,
meuemail88@mail.com,"Mais ou menos, mas consigo me ajustar.","Pretendo, mas ocasionalmente podem surgir urgências que precisarei priorizar.","Sim, a duração das aulas é ideal.","Mais ou menos, imagino que terei interrupções às vezes, mas acredito que conseguirei lidar com elas para não afetar meu desempenho no treinamento.","Neutro/a, estou aberto/a às informações, mas não estou especialmente entusiasmado/a.","Excelente, estou compreendendo bem todos os conceitos apresentados.",,"Sim, o ritmo do treinamento está adequado para mim.",,"Não, estou com dificuldades para revisar os conteúdos conforme necessário.","Regular, às vezes me pego distraído/a ou não totalmente focado/a.","Sim, estou sendo frequentemente interrompido/a por outras demandas, o que dificulta meu foco no treinamento.",0,75.0,273.0,neutro
meuemail19@mail.com,"Sim, o horário é ótimo para minha disponibilidade.","Pretendo, mas ocasionalmente podem surgir urgências que precisarei priorizar.","Sim, a duração das aulas é ideal.","Mais ou menos, imagino que terei interrupções às vezes, mas acredito que conseguirei lidar com elas para não afetar meu desempenho no treinamento.","Muito entusiasmado/a, estou ansioso/a para me desenvolver.","Excelente, estou compreendendo bem todos os conceitos apresentados.",,"Sim, o ritmo do treinamento está adequado para mim.",,"Sim, estou conseguindo revisar os conteúdos quando necessário.","Muito boa, estou participando ativamente e dedicando o tempo necessário.","Não, consigo me concentrar no treinamento sem interrupções.",0,61.0,96.0,positivo
meuemail12@mail.com,"Sim, o horário é ótimo para minha disponibilidade.","Pretendo, e já reservei o horário das aulas para focar no treinamento.","Sim, a duração das aulas é ideal.","Sim, minha equipe está ciente e acredito que vão colaborar para minha participação no treinamento ser eficiente.","Muito entusiasmado/a, estou ansioso/a para me desenvolver.","Excelente, estou compreendendo bem todos os conceitos apresentados.",,"Sim, o ritmo do treinamento está adequado para mim.",,"Sim, estou conseguindo revisar os conteúdos quando necessário.","Muito boa, estou participando ativamente e dedicando o tempo necessário.","Não, consigo me concentrar no treinamento sem interrupções.",0,87.0,56.0,neutro
meuemail60@mail.com,"Sim, o horário é ótimo para minha disponibilidade.","Pretendo, e já reservei o horário das aulas para focar no treinamento.","Sim, a duração das aulas é ideal.","Sim, minha equipe está ciente e acredito que vão colaborar para minha participação no treinamento ser eficiente.","Muito entusiasmado/a, estou ansioso/a para me desenvolver.","Excelente, estou compreendendo bem todos os conceitos apresentados.",,"Sim, o ritmo do treinamento está adequado para mim.",,"Sim, estou conseguindo revisar os conteúdos quando necessário.","Muito boa, estou participando ativamente e dedicando o tempo necessário.","Não, consigo me concentrar no treinamento sem interrupções.",1,53.0,93.0,positivo
meuemail39@mail.com,"Mais ou menos, mas consigo me ajustar.","Pretendo, e já reservei o horário das aulas para focar no treinamento.","Sim, a duração das aulas é ideal.","Sim, minha equipe está ciente e acredito que vão colaborar para minha participação no treinamento ser eficiente.","Muito entusiasmado/a, estou ansioso/a para me desenvolver.","Excelente, estou compreendendo bem todos os conceitos apresentados.",,"Sim, o ritmo do treinamento está adequado para mim.",,"Sim, estou conseguindo revisar os conteúdos quando necessário.","Muito boa, estou participando ativamente e dedicando o tempo necessário.","Não, consigo me concentrar no treinamento sem interrupções.",0,36.0,29.0,
meuemail5@mail.com,"Mais ou menos, mas consigo me ajustar.","Pretendo, mas ocasionalmente podem surgir urgências que precisarei priorizar.","Talvez, mas algumas aulas poderiam ser mais curtas.","Sim, minha equipe está ciente e acredito que vão colaborar para minha participação no treinamento ser eficiente.","Muito entusiasmado/a, estou ansioso/a para me desenvolver.","Boa, a maioria dos tópicos é clara, mas alguns podem ser explicados de forma mais detalhada.","Quando necessário, peço ao/a instrutor/a que explique novamente.","Sim, o ritmo do treinamento está adequado para mim.",,"Sim, estou conseguindo revisar os conteúdos quando necessário.","Regular, às vezes me pego distraído/a ou não totalmente focado/a.","Não, consigo me concentrar no treinamento sem interrupções.",0,60.0,116.0,positivo
meuemail3@mail.com,"Sim, o horário é ótimo para minha disponibilidade.","Pretendo, e já reservei o horário das aulas para focar no treinamento.","Talvez, mas algumas aulas poderiam ser mais curtas.","Sim, minha equipe está ciente e acredito que vão colaborar para minha participação no treinamento ser eficiente.","Muito entusiasmado/a, estou ansioso/a para me desenvolver.","Boa, a maioria dos tópicos é clara, mas alguns podem ser explicados de forma mais detalhada.","Quando necessário, peço ao/a instrutor/a que explique novamente.","Sim, o ritmo do treinamento está adequado para mim.",,"Sim, estou conseguindo revisar os conteúdos quando necessário.","Muito boa, estou participando ativamente e dedicando o tempo necessário.","Não, consigo me concentrar no treinamento sem interrupções.",0,58.0,64.0,
meuemail114@mail.com,"Mais ou menos, mas consigo me ajustar.","Pretendo, e já reservei o horário das aulas para focar no treinamento.","Não, as aulas são muito longas para mim neste momento.","Sim, minha equipe está ciente e acredito que vão colaborar para minha participação no treinamento ser eficiente.","Muito entusiasmado/a, estou ansioso/a para me desenvolver.","Excelente, estou compreendendo bem todos os conceitos apresentados.",,Mais ou menos.,Algumas partes poderiam ser mais rápidas.,"Não, não senti necessidade de revisar os conteúdos.","Muito boa, estou participando ativamente e dedicando o tempo necessário.","Sim, ocasionalmente sou solicitado/a em outras tarefas, mas consigo lidar com isso sem problemas.",2,62.0,75.0,
meuemail51@mail.com,"Sim, o horário é ótimo para minha disponibilidade.","Pretendo, e já reservei o horário das aulas para focar no treinamento.","Sim, a duração das aulas é ideal.","Sim, minha equipe está ciente e acredito que vão colaborar para minha participação no treinamento ser eficiente.","Muito entusiasmado/a, estou ansioso/a para me desenvolver.","Excelente, estou compreendendo bem todos os conceitos apresentados.",,"Sim, o ritmo do treinamento está adequado para mim.",,"Sim, estou conseguindo revisar os conteúdos quando necessário.","Regular, às vezes me pego distraído/a ou não totalmente focado/a.","Não, consigo me concentrar no treinamento sem interrupções.",3,165.0,575.0,positivo
meuemail14@mail.com,"Sim, o horário é ótimo para minha disponibilidade.","Pretendo, e já reservei o horário das aulas para focar no treinamento.","Sim, a duração das aulas é ideal.","Sim, minha equipe está ciente e acredito que vão colaborar para minha participação no treinamento ser eficiente.","Muito entusiasmado/a, estou ansioso/a para me desenvolver.","Excelente, estou compreendendo bem todos os conceitos apresentados.",,"Sim, o ritmo do treinamento está adequado para mim.",,"Sim, estou conseguindo revisar os conteúdos quando necessário.","Muito boa, estou participando ativamente e dedicando o tempo necessário.","Não, consigo me concentrar no treinamento sem interrupções.",0,48.0,46.0,
meuemail20@mail.com,"Sim, o horário é ótimo para minha disponibilidade.","Pretendo, e já reservei o horário das aulas para focar no treinamento.","Sim, a duração das aulas é ideal.","Sim, minha equipe está ciente e acredito que vão colaborar para minha participação no treinamento ser eficiente.","Muito entusiasmado/a, estou ansioso/a para me desenvolver.","Excelente, estou compreendendo bem todos os conceitos apresentados.",,"Sim, o ritmo do treinamento está adequado para mim.",,"Sim, estou conseguindo revisar os conteúdos quando necessário.","Muito boa, estou participando ativamente e dedicando o tempo necessário.","Sim, ocasionalmente sou solicitado/a em outras tarefas, mas consigo lidar com isso sem problemas.",0,42.0,65.0,
meuemail96@mail.com,"Mais ou menos, mas consigo me ajustar.","Pretendo, mas ocasionalmente podem surgir urgências que precisarei priorizar.","Talvez, mas algumas aulas poderiam ser mais curtas.","Sim, minha equipe está ciente e acredito que vão colaborar para minha participação no treinamento ser eficiente.","Muito entusiasmado/a, estou ansioso/a para me desenvolver.","Excelente, estou compreendendo bem todos os conceitos apresentados.",,"Sim, o ritmo do treinamento está adequado para mim.",,"Não, estou com dificuldades para revisar os conteúdos conforme necessário.","Muito boa, estou participando ativamente e dedicando o tempo necessário.","Sim, ocasionalmente sou solicitado/a em outras tarefas, mas consigo lidar com isso sem problemas.",0,161.0,51.0,
meuemail110@mail.com,"Mais ou menos, mas consigo me ajustar.","Pretendo, mas ocasionalmente podem surgir urgências que precisarei priorizar.","Sim, a duração das aulas é ideal.","Mais ou menos, imagino que terei interrupções às vezes, mas acredito que conseguirei lidar com elas para não afetar meu desempenho no treinamento.","Muito entusiasmado/a, estou ansioso/a para me desenvolver.","Regular, estou tendo dificuldades para acompanhar ou entender alguns pontos.",Não me sinto confortável para pedir ao/a instrutor/a que explique novamente.,Mais ou menos.,Algumas partes poderiam ser mais lentas.,"Não, estou com dificuldades para revisar os conteúdos conforme necessário.","Regular, às vezes me pego distraído/a ou não totalmente focado/a.","Não, consigo me concentrar no treinamento sem interrupções.",0,287.0,4732.0,negativo
meuemail61@mail.com,"Sim, o horário é ótimo para minha disponibilidade.","Pretendo, e já reservei o horário das aulas para focar no treinamento.","Sim, a duração das aulas é ideal.","Sim, minha equipe está ciente e acredito que vão colaborar para minha participação no treinamento ser eficiente.","Muito entusiasmado/a, estou ansioso/a para me desenvolver.","Excelente, estou compreendendo bem todos os conceitos apresentados.",,"Sim, o ritmo do treinamento está adequado para mim.",,"Não, estou com dificuldades para revisar os conteúdos conforme necessário.","Regular, às vezes me pego distraído/a ou não totalmente focado/a.","Não, consigo me concentrar no treinamento sem interrupções.",0,62.0,75.0,
meuemail105@mail.com,"Mais ou menos, mas consigo me ajustar.","Pretendo, mas ocasionalmente podem surgir urgências que precisarei priorizar.","Talvez, mas algumas aulas poderiam ser mais curtas.","Sim, minha equipe está ciente e acredito que vão colaborar para minha participação no treinamento ser eficiente.","Muito entusiasmado/a, estou ansioso/a para me desenvolver.","Excelente, estou compreendendo bem todos os conceitos apresentados.",,"Sim, o ritmo do treinamento está adequado para mim.",,"Não, estou com dificuldades para revisar os conteúdos conforme necessário.","Muito boa, estou participando ativamente e dedicando o tempo necessário.","Sim, ocasionalmente sou solicitado/a em outras tarefas, mas consigo lidar com isso sem problemas.",0,125.0,130.0,
meuemail95@mail.com,"Mais ou menos, mas consigo me ajustar.","Pretendo, e já reservei o horário das aulas para focar no treinamento.","Talvez, mas algumas aulas poderiam ser mais curtas.","Sim, minha equipe está ciente e acredito que vão colaborar para minha participação no treinamento ser eficiente.","Muito entusiasmado/a, estou ansioso/a para me desenvolver.","Excelente, estou compreendendo bem todos os conceitos apresentados.",,"Sim, o ritmo do treinamento está adequado para mim.",,"Não, estou com dificuldades para revisar os conteúdos conforme necessário.","Muito boa, estou participando ativamente e dedicando o tempo necessário.","Sim, ocasionalmente sou solicitado/a em outras tarefas, mas consigo lidar com isso sem problemas.",3,60.0,145.0,
meuemail53@mail.com,"Sim, o horário é ótimo para minha disponibilidade.","Pretendo, e já reservei o horário das aulas para focar no treinamento.","Sim, a duração das aulas é ideal.","Sim, minha equipe está ciente e acredito que vão colaborar para minha participação no treinamento ser eficiente.","Muito entusiasmado/a, estou ansioso/a para me desenvolver.","Excelente, estou compreendendo bem todos os conceitos apresentados.",,"Sim, o ritmo do treinamento está adequado para mim.",,"Sim, estou conseguindo revisar os conteúdos quando necessário.","Regular, às vezes me pego distraído/a ou não totalmente focado/a.","Sim, ocasionalmente sou solicitado/a em outras tarefas, mas consigo lidar com isso sem problemas.",1,47.0,79.0,
meuemail49@mail.com,"Sim, o horário é ótimo para minha disponibilidade.","Pretendo, e já reservei o horário das aulas para focar no treinamento.","Sim, a duração das aulas é ideal.","Sim, minha equipe está ciente e acredito que vão colaborar para minha participação no treinamento ser eficiente.","Muito entusiasmado/a, estou ansioso/a para me desenvolver.","Excelente, estou compreendendo bem todos os conceitos apresentados.",,"Sim, o ritmo do treinamento está adequado para mim.",,"Sim, estou conseguindo revisar os conteúdos quando necessário.","Muito boa, estou participando ativamente e dedicando o tempo necessário.","Sim, ocasionalmente sou solicitado/a em outras tarefas, mas consigo lidar com isso sem problemas.",0,52.0,60.0,
meuemail82@mail.com,"Sim, o horário é ótimo para minha disponibilidade.","Pretendo, e já reservei o horário das aulas para focar no treinamento.","Sim, a duração das aulas é ideal.","Sim, minha equipe está ciente e acredito que vão colaborar para minha participação no treinamento ser eficiente.","Muito entusiasmado/a, estou ansioso/a para me desenvolver.","Excelente, estou compreendendo bem todos os conceitos apresentados.",,"Sim, o ritmo do treinamento está adequado para mim.",,"Não, estou com dificuldades para revisar os conteúdos conforme necessário.","Muito boa, estou participando ativamente e dedicando o tempo necessário.","Não, consigo me concentrar no treinamento sem interrupções.",0,88.0,101.0,negativo
meuemail100@mail.com,"Sim, o horário é ótimo para minha disponibilidade.","Pretendo, e já reservei o horário das aulas para focar no treinamento.","Sim, a duração das aulas é ideal.","Sim, minha equipe está ciente e acredito que vão colaborar para minha participação no treinamento ser eficiente.","Muito entusiasmado/a, estou ansioso/a para me desenvolver.","Boa, a maioria dos tópicos é clara, mas alguns podem ser explicados de forma mais detalhada.","Quando necessário, peço ao/a instrutor/a que explique novamente.",Mais ou menos.,Algumas partes poderiam ser mais lentas.,"Não, estou com dificuldades para revisar os conteúdos conforme necessário.","Muito boa, estou participando ativamente e dedicando o tempo necessário.","Não, consigo me concentrar no treinamento sem interrupções.",0,329.0,83.0,
meuemail22@mail.com,"Mais ou menos, mas consigo me ajustar.","Pretendo, e já reservei o horário das aulas para focar no treinamento.","Talvez, mas algumas aulas poderiam ser mais curtas.","Sim, minha equipe está ciente e acredito que vão colaborar para minha participação no treinamento ser eficiente.","Muito entusiasmado/a, estou ansioso/a para me desenvolver.","Excelente, estou compreendendo bem todos os conceitos apresentados.",,"Sim, o ritmo do treinamento está adequado para mim.",,"Sim, estou conseguindo revisar os conteúdos quando necessário.","Muito boa, estou participando ativamente e dedicando o tempo necessário.","Sim, ocasionalmente sou solicitado/a em outras tarefas, mas consigo lidar com isso sem problemas.",2,129.0,210.0,positivo
meuemail113@mail.com,"Sim, o horário é ótimo para minha disponibilidade.","Pretendo, mas ocasionalmente podem surgir urgências que precisarei priorizar.","Sim, a duração das aulas é ideal.","Sim, minha equipe está ciente e acredito que vão colaborar para minha participação no treinamento ser eficiente.","Muito entusiasmado/a, estou ansioso/a para me desenvolver.","Excelente, estou compreendendo bem todos os conceitos apresentados.",,"Sim, o ritmo do treinamento está adequado para mim.",,"Sim, estou conseguindo revisar os conteúdos quando necessário.","Muito boa, estou participando ativamente e dedicando o tempo necessário.","Sim, ocasionalmente sou solicitado/a em outras tarefas, mas consigo lidar com isso sem problemas.",0,81.0,68.0,positivo
meuemail21@mail.com,"Sim, o horário é ótimo para minha disponibilidade.","Pretendo, mas ocasionalmente podem surgir urgências que precisarei priorizar.","Talvez, mas algumas aulas poderiam ser mais curtas.","Mais ou menos, imagino que terei interrupções às vezes, mas acredito que conseguirei lidar com elas para não afetar meu desempenho no treinamento.","Muito entusiasmado/a, estou ansioso/a para me desenvolver.","Excelente, estou compreendendo bem todos os conceitos apresentados.",,"Sim, o ritmo do treinamento está adequado para mim.",,"Sim, estou conseguindo revisar os conteúdos quando necessário.","Regular, às vezes me pego distraído/a ou não totalmente focado/a.","Sim, ocasionalmente sou solicitado/a em outras tarefas, mas consigo lidar com isso sem problemas.",0,202.0,234.0,negativo
meuemail25@mail.com,"Sim, o horário é ótimo para minha disponibilidade.","Pretendo, e já reservei o horário das aulas para focar no treinamento.","Talvez, mas algumas aulas poderiam ser mais curtas.","Sim, minha equipe está ciente e acredito que vão colaborar para minha participação no treinamento ser eficiente.","Muito entusiasmado/a, estou ansioso/a para me desenvolver.","Excelente, estou compreendendo bem todos os conceitos apresentados.",,"Sim, o ritmo do treinamento está adequado para mim.",,"Sim, estou conseguindo revisar os conteúdos quando necessário.","Muito boa, estou participando ativamente e dedicando o tempo necessário.","Sim, ocasionalmente sou solicitado/a em outras tarefas, mas consigo lidar com isso sem problemas.",0,67.0,70.0,
meuemail66@mail.com,"Sim, o horário é ótimo para minha disponibilidade.","Pretendo, e já reservei o horário das aulas para focar no treinamento.","Sim, a duração das aulas é ideal.","Sim, minha equipe está ciente e acredito que vão colaborar para minha participação no treinamento ser eficiente.","Muito entusiasmado/a, estou ansioso/a para me desenvolver.","Excelente, estou compreendendo bem todos os conceitos apresentados.",,"Sim, o ritmo do treinamento está adequado para mim.",,"Sim, estou conseguindo revisar os conteúdos quando necessário.","Muito boa, estou participando ativamente e dedicando o tempo necessário.","Não, consigo me concentrar no treinamento sem interrupções.",5,29.0,77.0,negativo
meuemail17@mail.com,"Mais ou menos, mas consigo me ajustar.","Pretendo, mas ocasionalmente podem surgir urgências que precisarei priorizar.","Não, as aulas são muito longas para mim neste momento.","Mais ou menos, imagino que terei interrupções às vezes, mas acredito que conseguirei lidar com elas para não afetar meu desempenho no treinamento.","Neutro/a, estou aberto/a às informações, mas não estou especialmente entusiasmado/a.","Excelente, estou compreendendo bem todos os conceitos apresentados.",,"Sim, o ritmo do treinamento está adequado para mim.",,"Não, estou com dificuldades para revisar os conteúdos conforme necessário.","Regular, às vezes me pego distraído/a ou não totalmente focado/a.","Sim, ocasionalmente sou solicitado/a em outras tarefas, mas consigo lidar com isso sem problemas.",0,134.0,114.0,
meuemail6@mail.com,"Sim, o horário é ótimo para minha disponibilidade.","Pretendo, e já reservei o horário das aulas para focar no treinamento.","Sim, a duração das aulas é ideal.","Sim, minha equipe está ciente e acredito que vão colaborar para minha participação no treinamento ser eficiente.","Muito entusiasmado/a, estou ansioso/a para me desenvolver.","Excelente, estou compreendendo bem todos os conceitos apresentados.",,Mais ou menos.,Algumas partes poderiam ser mais lentas.,"Sim, estou conseguindo revisar os conteúdos quando necessário.","Regular, às vezes me pego distraído/a ou não totalmente focado/a.","Não, consigo me concentrar no treinamento sem interrupções.",0,29.0,81.0,
meuemail41@mail.com,"Mais ou menos, mas consigo me ajustar.","Pretendo, e já reservei o horário das aulas para focar no treinamento.","Sim, a duração das aulas é ideal.","Mais ou menos, imagino que terei interrupções às vezes, mas acredito que conseguirei lidar com elas para não afetar meu desempenho no treinamento.","Neutro/a, estou aberto/a às informações, mas não estou especialmente entusiasmado/a.","Excelente, estou compreendendo bem todos os conceitos apresentados.",,"Sim, o ritmo do treinamento está adequado para mim.",,"Não, estou com dificuldades para revisar os conteúdos conforme necessário.","Muito boa, estou participando ativamente e dedicando o tempo necessário.","Não, consigo me concentrar no treinamento sem interrupções.",1,124.0,109.0,positivo
meuemail50@mail.com,"Mais ou menos, mas consigo me ajustar.","Pretendo, mas ocasionalmente podem surgir urgências que precisarei priorizar.","Sim, a duração das aulas é ideal.","Mais ou menos, imagino que terei interrupções às vezes, mas acredito que conseguirei lidar com elas para não afetar meu desempenho no treinamento.","Muito entusiasmado/a, estou ansioso/a para me desenvolver.","Excelente, estou compreendendo bem todos os conceitos apresentados.",,"Sim, o ritmo do treinamento está adequado para mim.",,"Sim, estou conseguindo revisar os conteúdos quando necessário.","Muito boa, estou participando ativamente e dedicando o tempo necessário.","Sim, ocasionalmente sou solicitado/a em outras tarefas, mas consigo lidar com isso sem problemas.",0,102.0,89.0,positivo
meuemail7@mail.com,"Mais ou menos, mas consigo me ajustar.","Pretendo, mas ocasionalmente podem surgir urgências que precisarei priorizar.","Sim, a duração das aulas é ideal.","Sim, minha equipe está ciente e acredito que vão colaborar para minha participação no treinamento ser eficiente.","Muito entusiasmado/a, estou ansioso/a para me desenvolver.","Excelente, estou compreendendo bem todos os conceitos apresentados.",,Mais ou menos.,Algumas partes poderiam ser mais rápidas.,"Não, não senti necessidade de revisar os conteúdos.","Regular, às vezes me pego distraído/a ou não totalmente focado/a.","Não, consigo me concentrar no treinamento sem interrupções.",0,88.0,99.0,
meuemail33@mail.com,"Sim, o horário é ótimo para minha disponibilidade.","Pretendo, e já reservei o horário das aulas para focar no treinamento.","Sim, a duração das aulas é ideal.","Sim, minha equipe está ciente e acredito que vão colaborar para minha participação no treinamento ser eficiente.","Muito entusiasmado/a, estou ansioso/a para me desenvolver.","Excelente, estou compreendendo bem todos os conceitos apresentados.",,"Sim, o ritmo do treinamento está adequado para mim.",,"Sim, estou conseguindo revisar os conteúdos quando necessário.","Muito boa, estou participando ativamente e dedicando o tempo necessário.","Não, consigo me concentrar no treinamento sem interrupções.",2,50.0,175.0,positivo
meuemail34@mail.com,"Sim, o horário é ótimo para minha disponibilidade.","Pretendo, e já reservei o horário das aulas para focar no treinamento.","Sim, a duração das aulas é ideal.","Sim, minha equipe está ciente e acredito que vão colaborar para minha participação no treinamento ser eficiente.","Muito entusiasmado/a, estou ansioso/a para me desenvolver.","Excelente, estou compreendendo bem todos os conceitos apresentados.",,"Sim, o ritmo do treinamento está adequado para mim.",,"Sim, estou conseguindo revisar os conteúdos quando necessário.","Muito boa, estou participando ativamente e dedicando o tempo necessário.","Não, consigo me concentrar no treinamento sem interrupções.",0,34.0,36.0,
meuemail48@mail.com,"Sim, o horário é ótimo para minha disponibilidade.","Pretendo, e já reservei o horário das aulas para focar no treinamento.","Sim, a duração das aulas é ideal.","Sim, minha equipe está ciente e acredito que vão colaborar para minha participação no treinamento ser eficiente.","Muito entusiasmado/a, estou ansioso/a para me desenvolver.","Excelente, estou compreendendo bem todos os conceitos apresentados.",,"Sim, o ritmo do treinamento está adequado para mim.",,"Sim, estou conseguindo revisar os conteúdos quando necessário.","Muito boa, estou participando ativamente e dedicando o tempo necessário.","Sim, ocasionalmente sou solicitado/a em outras tarefas, mas consigo lidar com isso sem problemas.",0,147.0,115.0,positivo
meuemail98@mail.com,"Mais ou menos, mas consigo me ajustar.","Pretendo, e já reservei o horário das aulas para focar no treinamento.","Sim, a duração das aulas é ideal.","Sim, minha equipe está ciente e acredito que vão colaborar para minha participação no treinamento ser eficiente.","Muito entusiasmado/a, estou ansioso/a para me desenvolver.","Excelente, estou compreendendo bem todos os conceitos apresentados.",,"Sim, o ritmo do treinamento está adequado para mim.",,"Não, estou com dificuldades para revisar os conteúdos conforme necessário.","Regular, às vezes me pego distraído/a ou não totalmente focado/a.","Não, consigo me concentrar no treinamento sem interrupções.",0,58.0,142.0,
meuemail97@mail.com,"Mais ou menos, mas consigo me ajustar.","Pretendo, mas ocasionalmente podem surgir urgências que precisarei priorizar.","Talvez, mas algumas aulas poderiam ser mais curtas.","Sim, minha equipe está ciente e acredito que vão colaborar para minha participação no treinamento ser eficiente.","Muito entusiasmado/a, estou ansioso/a para me desenvolver.","Excelente, estou compreendendo bem todos os conceitos apresentados.",,"Sim, o ritmo do treinamento está adequado para mim.",,"Sim, estou conseguindo revisar os conteúdos quando necessário.","Muito boa, estou participando ativamente e dedicando o tempo necessário.","Sim, ocasionalmente sou solicitado/a em outras tarefas, mas consigo lidar com isso sem problemas.",0,106.0,85.0,
meuemail94@mail.com,"Mais ou menos, mas consigo me ajustar.","Pretendo, mas ocasionalmente podem surgir urgências que precisarei priorizar.","Sim, a duração das aulas é ideal.","Sim, minha equipe está ciente e acredito que vão colaborar para minha participação no treinamento ser eficiente.","Neutro/a, estou aberto/a às informações, mas não estou especialmente entusiasmado/a.","Excelente, estou compreendendo bem todos os conceitos apresentados.",,"Sim, o ritmo do treinamento está adequado para mim.",,"Não, não senti necessidade de revisar os conteúdos.","Regular, às vezes me pego distraído/a ou não totalmente focado/a.","Não, consigo me concentrar no treinamento sem interrupções.",4,82.0,42.0,
meuemail63@mail.com,"Sim, o horário é ótimo para minha disponibilidade.","Pretendo, e já reservei o horário das aulas para focar no treinamento.","Talvez, mas algumas aulas poderiam ser mais curtas.","Mais ou menos, imagino que terei interrupções às vezes, mas acredito que conseguirei lidar com elas para não afetar meu desempenho no treinamento.","Muito entusiasmado/a, estou ansioso/a para me desenvolver.","Excelente, estou compreendendo bem todos os conceitos apresentados.",,"Sim, o ritmo do treinamento está adequado para mim.",,"Sim, estou conseguindo revisar os conteúdos quando necessário.","Precisa melhorar, estou tendo dificuldades para me manter engajado/a e participativo/a.","Sim, ocasionalmente sou solicitado/a em outras tarefas, mas consigo lidar com isso sem problemas.",0,6721.0,124.0,
meuemail40@mail.com,"Sim, o horário é ótimo para minha disponibilidade.","Pretendo, e já reservei o horário das aulas para focar no treinamento.","Sim, a duração das aulas é ideal.","Sim, minha equipe está ciente e acredito que vão colaborar para minha participação no treinamento ser eficiente.","Muito entusiasmado/a, estou ansioso/a para me desenvolver.","Excelente, estou compreendendo bem todos os conceitos apresentados.",,"Sim, o ritmo do treinamento está adequado para mim.",,"Sim, estou conseguindo revisar os conteúdos quando necessário.","Muito boa, estou participando ativamente e dedicando o tempo necessário.","Não, consigo me concentrar no treinamento sem interrupções.",0,99.0,127.0,
meuemail72@mail.com,"Sim, o horário é ótimo para minha disponibilidade.","Pretendo, e já reservei o horário das aulas para focar no treinamento.","Sim, a duração das aulas é ideal.","Sim, minha equipe está ciente e acredito que vão colaborar para minha participação no treinamento ser eficiente.","Muito entusiasmado/a, estou ansioso/a para me desenvolver.","Excelente, estou compreendendo bem todos os conceitos apresentados.",,"Sim, o ritmo do treinamento está adequado para mim.",,"Sim, estou conseguindo revisar os conteúdos quando necessário.","Muito boa, estou participando ativamente e dedicando o tempo necessário.","Não, consigo me concentrar no treinamento sem interrupções.",0,81.0,53.0,
meuemail2@mail.com,"Sim, o horário é ótimo para minha disponibilidade.","Pretendo, e já reservei o horário das aulas para focar no treinamento.","Sim, a duração das aulas é ideal.","Sim, minha equipe está ciente e acredito que vão colaborar para minha participação no treinamento ser eficiente.","Muito entusiasmado/a, estou ansioso/a para me desenvolver.","Excelente, estou compreendendo bem todos os conceitos apresentados.",,"Sim, o ritmo do treinamento está adequado para mim.",,"Não, estou com dificuldades para revisar os conteúdos conforme necessário.","Muito boa, estou participando ativamente e dedicando o tempo necessário.","Sim, ocasionalmente sou solicitado/a em outras tarefas, mas consigo lidar com isso sem problemas.",0,94.0,55.0,
meuemail76@mail.com,"Mais ou menos, mas consigo me ajustar.","Pretendo, mas ocasionalmente podem surgir urgências que precisarei priorizar.","Sim, a duração das aulas é ideal.","Sim, minha equipe está ciente e acredito que vão colaborar para minha participação no treinamento ser eficiente.","Muito entusiasmado/a, estou ansioso/a para me desenvolver.","Excelente, estou compreendendo bem todos os conceitos apresentados.",,"Sim, o ritmo do treinamento está adequado para mim.",,"Sim, estou conseguindo revisar os conteúdos quando necessário.","Muito boa, estou participando ativamente e dedicando o tempo necessário.","Sim, ocasionalmente sou solicitado/a em outras tarefas, mas consigo lidar com isso sem problemas.",2,76.0,45.0,
meuemail1@mail.com,"Sim, o horário é ótimo para minha disponibilidade.","Pretendo, mas ocasionalmente podem surgir urgências que precisarei priorizar.","Sim, a duração das aulas é ideal.","Sim, minha equipe está ciente e acredito que vão colaborar para minha participação no treinamento ser eficiente.","Muito entusiasmado/a, estou ansioso/a para me desenvolver.","Excelente, estou compreendendo bem todos os conceitos apresentados.",,"Sim, o ritmo do treinamento está adequado para mim.",,"Sim, estou conseguindo revisar os conteúdos quando necessário.","Muito boa, estou participando ativamente e dedicando o tempo necessário.","Não, consigo me concentrar no treinamento sem interrupções.",0,47.0,91.0,
meuemail47@mail.com,"Sim, o horário é ótimo para minha disponibilidade.","Pretendo, e já reservei o horário das aulas para focar no treinamento.","Sim, a duração das aulas é ideal.","Sim, minha equipe está ciente e acredito que vão colaborar para minha participação no treinamento ser eficiente.","Muito entusiasmado/a, estou ansioso/a para me desenvolver.","Excelente, estou compreendendo bem todos os conceitos apresentados.",,"Sim, o ritmo do treinamento está adequado para mim.",,"Sim, estou conseguindo revisar os conteúdos quando necessário.","Muito boa, estou participando ativamente e dedicando o tempo necessário.","Não, consigo me concentrar no treinamento sem interrupções.",0,282.0,1762.0,neutro
meuemail102@mail.com,"Sim, o horário é ótimo para minha disponibilidade.","Pretendo, e já reservei o horário das aulas para focar no treinamento.","Sim, a duração das aulas é ideal.","Sim, minha equipe está ciente e acredito que vão colaborar para minha participação no treinamento ser eficiente.","Muito entusiasmado/a, estou ansioso/a para me desenvolver.","Excelente, estou compreendendo bem todos os conceitos apresentados.",,"Sim, o ritmo do treinamento está adequado para mim.",,"Sim, estou conseguindo revisar os conteúdos quando necessário.","Muito boa, estou participando ativamente e dedicando o tempo necessário.","Sim, ocasionalmente sou solicitado/a em outras tarefas, mas consigo lidar com isso sem problemas.",0,59.0,131.0,
meuemail87@mail.com,"Sim, o horário é ótimo para minha disponibilidade.","Pretendo, e já reservei o horário das aulas para focar no treinamento.","Sim, a duração das aulas é ideal.","Sim, minha equipe está ciente e acredito que vão colaborar para minha participação no treinamento ser eficiente.","Muito entusiasmado/a, estou ansioso/a para me desenvolver.","Excelente, estou compreendendo bem todos os conceitos apresentados.",,"Sim, o ritmo do treinamento está adequado para mim.",,"Sim, estou conseguindo revisar os conteúdos quando necessário.","Muito boa, estou participando ativamente e dedicando o tempo necessário.","Não, consigo me concentrar no treinamento sem interrupções.",0,40.0,113.0,
meuemail86@mail.com,"Sim, o horário é ótimo para minha disponibilidade.","Pretendo, e já reservei o horário das aulas para focar no treinamento.","Sim, a duração das aulas é ideal.","Sim, minha equipe está ciente e acredito que vão colaborar para minha participação no treinamento ser eficiente.","Muito entusiasmado/a, estou ansioso/a para me desenvolver.","Excelente, estou compreendendo bem todos os conceitos apresentados.",,"Sim, o ritmo do treinamento está adequado para mim.",,"Sim, estou conseguindo revisar os conteúdos quando necessário.","Muito boa, estou participando ativamente e dedicando o tempo necessário.","Não, consigo me concentrar no treinamento sem interrupções.",0,102.0,65.0,
meuemail59@mail.com,"Sim, o horário é ótimo para minha disponibilidade.","Pretendo, e já reservei o horário das aulas para focar no treinamento.","Talvez, mas algumas aulas poderiam ser mais curtas.","Sim, minha equipe está ciente e acredito que vão colaborar para minha participação no treinamento ser eficiente.","Muito entusiasmado/a, estou ansioso/a para me desenvolver.","Excelente, estou compreendendo bem todos os conceitos apresentados.",,"Sim, o ritmo do treinamento está adequado para mim.",,"Sim, estou conseguindo revisar os conteúdos quando necessário.","Muito boa, estou participando ativamente e dedicando o tempo necessário.","Sim, ocasionalmente sou solicitado/a em outras tarefas, mas consigo lidar com isso sem problemas.",0,96.0,114.0,
meuemail67@mail.com,"Sim, o horário é ótimo para minha disponibilidade.","Pretendo, e já reservei o horário das aulas para focar no treinamento.","Sim, a duração das aulas é ideal.","Sim, minha equipe está ciente e acredito que vão colaborar para minha participação no treinamento ser eficiente.","Muito entusiasmado/a, estou ansioso/a para me desenvolver.","Excelente, estou compreendendo bem todos os conceitos apresentados.",,"Sim, o ritmo do treinamento está adequado para mim.",,"Sim, estou conseguindo revisar os conteúdos quando necessário.","Muito boa, estou participando ativamente e dedicando o tempo necessário.","Não, consigo me concentrar no treinamento sem interrupções.",0,55.0,421.0,positivo
meuemail45@mail.com,"Sim, o horário é ótimo para minha disponibilidade.","Pretendo, e já reservei o horário das aulas para focar no treinamento.","Sim, a duração das aulas é ideal.","Sim, minha equipe está ciente e acredito que vão colaborar para minha participação no treinamento ser eficiente.","Muito entusiasmado/a, estou ansioso/a para me desenvolver.","Excelente, estou compreendendo bem todos os conceitos apresentados.",,"Sim, o ritmo do treinamento está adequado para mim.",,"Sim, estou conseguindo revisar os conteúdos quando necessário.","Muito boa, estou participando ativamente e dedicando o tempo necessário.","Não, consigo me concentrar no treinamento sem interrupções.",0,34.0,54.0,
meuemail70@mail.com,"Sim, o horário é ótimo para minha disponibilidade.","Pretendo, e já reservei o horário das aulas para focar no treinamento.","Sim, a duração das aulas é ideal.","Sim, minha equipe está ciente e acredito que vão colaborar para minha participação no treinamento ser eficiente.","Muito entusiasmado/a, estou ansioso/a para me desenvolver.","Excelente, estou compreendendo bem todos os conceitos apresentados.",,"Sim, o ritmo do treinamento está adequado para mim.",,"Não, estou com dificuldades para revisar os conteúdos conforme necessário.","Regular, às vezes me pego distraído/a ou não totalmente focado/a.","Sim, ocasionalmente sou solicitado/a em outras tarefas, mas consigo lidar com isso sem problemas.",0,63.0,284.0,
meuemail75@mail.com,"Sim, o horário é ótimo para minha disponibilidade.","Pretendo, e já reservei o horário das aulas para focar no treinamento.","Talvez, mas algumas aulas poderiam ser mais curtas.","Sim, minha equipe está ciente e acredito que vão colaborar para minha participação no treinamento ser eficiente.","Muito entusiasmado/a, estou ansioso/a para me desenvolver.","Excelente, estou compreendendo bem todos os conceitos apresentados.",,"Sim, o ritmo do treinamento está adequado para mim.",,"Sim, estou conseguindo revisar os conteúdos quando necessário.","Regular, às vezes me pego distraído/a ou não totalmente focado/a.","Sim, ocasionalmente sou solicitado/a em outras tarefas, mas consigo lidar com isso sem problemas.",0,90.0,63.0,
meuemail8@mail.com,"Não, este não é o melhor momento para mim devido a compromissos prévios.","Pretendo, mas ocasionalmente podem surgir urgências que precisarei priorizar.","Sim, a duração das aulas é ideal.","Sim, minha equipe está ciente e acredito que vão colaborar para minha participação no treinamento ser eficiente.","Muito entusiasmado/a, estou ansioso/a para me desenvolver.","Excelente, estou compreendendo bem todos os conceitos apresentados.",,"Sim, o ritmo do treinamento está adequado para mim.",,"Não, estou com dificuldades para revisar os conteúdos conforme necessário.","Regular, às vezes me pego distraído/a ou não totalmente focado/a.","Sim, ocasionalmente sou solicitado/a em outras tarefas, mas consigo lidar com isso sem problemas.",0,91.0,128.0,positivo
meuemail30@mail.com,"Mais ou menos, mas consigo me ajustar.","Pretendo, mas ocasionalmente podem surgir urgências que precisarei priorizar.","Sim, a duração das aulas é ideal.","Sim, minha equipe está ciente e acredito que vão colaborar para minha participação no treinamento ser eficiente.","Muito entusiasmado/a, estou ansioso/a para me desenvolver.","Excelente, estou compreendendo bem todos os conceitos apresentados.",,"Sim, o ritmo do treinamento está adequado para mim.",,"Sim, estou conseguindo revisar os conteúdos quando necessário.","Muito boa, estou participando ativamente e dedicando o tempo necessário.","Sim, ocasionalmente sou solicitado/a em outras tarefas, mas consigo lidar com isso sem problemas.",2,70.0,84.0,positivo
meuemail44@mail.com,"Mais ou menos, mas consigo me ajustar.","Pretendo, e já reservei o horário das aulas para focar no treinamento.","Sim, a duração das aulas é ideal.","Sim, minha equipe está ciente e acredito que vão colaborar para minha participação no treinamento ser eficiente.","Neutro/a, estou aberto/a às informações, mas não estou especialmente entusiasmado/a.","Excelente, estou compreendendo bem todos os conceitos apresentados.",,Mais ou menos.,Algumas partes poderiam ser mais lentas.,"Não, estou com dificuldades para revisar os conteúdos conforme necessário.","Muito boa, estou participando ativamente e dedicando o tempo necessário.","Sim, ocasionalmente sou solicitado/a em outras tarefas, mas consigo lidar com isso sem problemas.",1,157.0,4825.0,
meuemail71@mail.com,"Mais ou menos, mas consigo me ajustar.","Pretendo, e já reservei o horário das aulas para focar no treinamento.","Talvez, mas algumas aulas poderiam ser mais curtas.","Sim, minha equipe está ciente e acredito que vão colaborar para minha participação no treinamento ser eficiente.","Muito entusiasmado/a, estou ansioso/a para me desenvolver.","Excelente, estou compreendendo bem todos os conceitos apresentados.",,"Sim, o ritmo do treinamento está adequado para mim.",,"Sim, estou conseguindo revisar os conteúdos quando necessário.","Muito boa, estou participando ativamente e dedicando o tempo necessário.","Não, consigo me concentrar no treinamento sem interrupções.",0,63.0,90.0,positivo
meuemail90@mail.com,"Sim, o horário é ótimo para minha disponibilidade.","Pretendo, e já reservei o horário das aulas para focar no treinamento.","Sim, a duração das aulas é ideal.","Sim, minha equipe está ciente e acredito que vão colaborar para minha participação no treinamento ser eficiente.","Muito entusiasmado/a, estou ansioso/a para me desenvolver.","Excelente, estou compreendendo bem todos os conceitos apresentados.",,"Sim, o ritmo do treinamento está adequado para mim.",,"Sim, estou conseguindo revisar os conteúdos quando necessário.","Muito boa, estou participando ativamente e dedicando o tempo necessário.","Não, consigo me concentrar no treinamento sem interrupções.",0,63.0,140.0,positivo
meuemail29@mail.com,"Sim, o horário é ótimo para minha disponibilidade.","Pretendo, e já reservei o horário das aulas para focar no treinamento.","Sim, a duração das aulas é ideal.","Sim, minha equipe está ciente e acredito que vão colaborar para minha participação no treinamento ser eficiente.","Muito entusiasmado/a, estou ansioso/a para me desenvolver.","Excelente, estou compreendendo bem todos os conceitos apresentados.",,"Sim, o ritmo do treinamento está adequado para mim.",,"Sim, estou conseguindo revisar os conteúdos quando necessário.","Regular, às vezes me pego distraído/a ou não totalmente focado/a.","Sim, ocasionalmente sou solicitado/a em outras tarefas, mas consigo lidar com isso sem problemas.",0,165.0,5094.0,positivo
meuemail106@mail.com,"Não, este não é o melhor momento para mim devido a compromissos prévios.","Pretendo, mas ocasionalmente podem surgir urgências que precisarei priorizar.","Sim, a duração das aulas é ideal.","Sim, minha equipe está ciente e acredito que vão colaborar para minha participação no treinamento ser eficiente.","Muito entusiasmado/a, estou ansioso/a para me desenvolver.","Excelente, estou compreendendo bem todos os conceitos apresentados.",,"Sim, o ritmo do treinamento está adequado para mim.",,"Não, estou com dificuldades para revisar os conteúdos conforme necessário.","Muito boa, estou participando ativamente e dedicando o tempo necessário.","Não, consigo me concentrar no treinamento sem interrupções.",0,93.0,122.0,positivo
meuemail31@mail.com,"Mais ou menos, mas consigo me ajustar.","Pretendo, e já reservei o horário das aulas para focar no treinamento.","Talvez, mas algumas aulas poderiam ser mais curtas.","Sim, minha equipe está ciente e acredito que vão colaborar para minha participação no treinamento ser eficiente.","Muito entusiasmado/a, estou ansioso/a para me desenvolver.","Excelente, estou compreendendo bem todos os conceitos apresentados.",,"Sim, o ritmo do treinamento está adequado para mim.",,"Sim, estou conseguindo revisar os conteúdos quando necessário.","Muito boa, estou participando ativamente e dedicando o tempo necessário.","Não, consigo me concentrar no treinamento sem interrupções.",0,112.0,45.0,
meuemail83@mail.com,"Sim, o horário é ótimo para minha disponibilidade.","Pretendo, e já reservei o horário das aulas para focar no treinamento.","Sim, a duração das aulas é ideal.","Sim, minha equipe está ciente e acredito que vão colaborar para minha participação no treinamento ser eficiente.","Muito entusiasmado/a, estou ansioso/a para me desenvolver.","Excelente, estou compreendendo bem todos os conceitos apresentados.",,"Sim, o ritmo do treinamento está adequado para mim.",,"Não, estou com dificuldades para revisar os conteúdos conforme necessário.","Regular, às vezes me pego distraído/a ou não totalmente focado/a.","Sim, ocasionalmente sou solicitado/a em outras tarefas, mas consigo lidar com isso sem problemas.",0,202.0,48.0,
meuemail26@mail.com,"Mais ou menos, mas consigo me ajustar.","Pretendo, mas ocasionalmente podem surgir urgências que precisarei priorizar.","Sim, a duração das aulas é ideal.","Sim, minha equipe está ciente e acredito que vão colaborar para minha participação no treinamento ser eficiente.","Muito entusiasmado/a, estou ansioso/a para me desenvolver.","Excelente, estou compreendendo bem todos os conceitos apresentados.",,"Sim, o ritmo do treinamento está adequado para mim.",,"Sim, estou conseguindo revisar os conteúdos quando necessário.","Muito boa, estou participando ativamente e dedicando o tempo necessário.","Não, consigo me concentrar no treinamento sem interrupções.",0,47.0,74.0,positivo
meuemail57@mail.com,"Mais ou menos, mas consigo me ajustar.","Pretendo, e já reservei o horário das aulas para focar no treinamento.","Sim, a duração das aulas é ideal.","Sim, minha equipe está ciente e acredito que vão colaborar para minha participação no treinamento ser eficiente.","Neutro/a, estou aberto/a às informações, mas não estou especialmente entusiasmado/a.","Boa, a maioria dos tópicos é clara, mas alguns podem ser explicados de forma mais detalhada.","Quando necessário, peço ao/a instrutor/a que explique novamente.","Sim, o ritmo do treinamento está adequado para mim.",,"Não, estou com dificuldades para revisar os conteúdos conforme necessário.","Muito boa, estou participando ativamente e dedicando o tempo necessário.","Não, consigo me concentrar no treinamento sem interrupções.",2,199.0,1078.0,
meuemail92@mail.com,"Mais ou menos, mas consigo me ajustar.","Pretendo, mas ocasionalmente podem surgir urgências que precisarei priorizar.","Sim, a duração das aulas é ideal.","Mais ou menos, imagino que terei interrupções às vezes, mas acredito que conseguirei lidar com elas para não afetar meu desempenho no treinamento.","Muito entusiasmado/a, estou ansioso/a para me desenvolver.","Excelente, estou compreendendo bem todos os conceitos apresentados.",,"Sim, o ritmo do treinamento está adequado para mim.",,"Não, estou com dificuldades para revisar os conteúdos conforme necessário.","Regular, às vezes me pego distraído/a ou não totalmente focado/a.","Sim, ocasionalmente sou solicitado/a em outras tarefas, mas consigo lidar com isso sem problemas.",0,144.0,139.0,neutro
meuemail23@mail.com,"Mais ou menos, mas consigo me ajustar.","Pretendo, mas ocasionalmente podem surgir urgências que precisarei priorizar.","Sim, a duração das aulas é ideal.","Mais ou menos, imagino que terei interrupções às vezes, mas acredito que conseguirei lidar com elas para não afetar meu desempenho no treinamento.","Muito entusiasmado/a, estou ansioso/a para me desenvolver.","Excelente, estou compreendendo bem todos os conceitos apresentados.",,"Sim, o ritmo do treinamento está adequado para mim.",,"Não, não senti necessidade de revisar os conteúdos.","Muito boa, estou participando ativamente e dedicando o tempo necessário.","Sim, ocasionalmente sou solicitado/a em outras tarefas, mas consigo lidar com isso sem problemas.",4,56.0,374.0,negativo
meuemail64@mail.com,"Sim, o horário é ótimo para minha disponibilidade.","Pretendo, e já reservei o horário das aulas para focar no treinamento.","Sim, a duração das aulas é ideal.","Sim, minha equipe está ciente e acredito que vão colaborar para minha participação no treinamento ser eficiente.","Muito entusiasmado/a, estou ansioso/a para me desenvolver.","Excelente, estou compreendendo bem todos os conceitos apresentados.",,"Sim, o ritmo do treinamento está adequado para mim.",,"Sim, estou conseguindo revisar os conteúdos quando necessário.","Muito boa, estou participando ativamente e dedicando o tempo necessário.","Não, consigo me concentrar no treinamento sem interrupções.",1,55.0,849.0,positivo
meuemail55@mail.com,"Sim, o horário é ótimo para minha disponibilidade.","Não pretendo, em alguns dias de aula já tenho outra atividade que não consigo encaixar em outro horário.","Sim, a duração das aulas é ideal.","Sim, minha equipe está ciente e acredito que vão colaborar para minha participação no treinamento ser eficiente.","Muito entusiasmado/a, estou ansioso/a para me desenvolver.","Excelente, estou compreendendo bem todos os conceitos apresentados.",,"Sim, o ritmo do treinamento está adequado para mim.",,"Sim, estou conseguindo revisar os conteúdos quando necessário.","Muito boa, estou participando ativamente e dedicando o tempo necessário.","Sim, ocasionalmente sou solicitado/a em outras tarefas, mas consigo lidar com isso sem problemas.",0,537.0,165.0,positivo
meuemail10@mail.com,"Sim, o horário é ótimo para minha disponibilidade.","Pretendo, e já reservei o horário das aulas para focar no treinamento.","Sim, a duração das aulas é ideal.","Sim, minha equipe está ciente e acredito que vão colaborar para minha participação no treinamento ser eficiente.","Muito entusiasmado/a, estou ansioso/a para me desenvolver.","Excelente, estou compreendendo bem todos os conceitos apresentados.",,"Sim, o ritmo do treinamento está adequado para mim.",,"Não, não senti necessidade de revisar os conteúdos.","Muito boa, estou participando ativamente e dedicando o tempo necessário.","Não, consigo me concentrar no treinamento sem interrupções.",2,68.0,51.0,
meuemail35@mail.com,"Mais ou menos, mas consigo me ajustar.","Pretendo, mas ocasionalmente podem surgir urgências que precisarei priorizar.","Sim, a duração das aulas é ideal.","Sim, minha equipe está ciente e acredito que vão colaborar para minha participação no treinamento ser eficiente.","Muito entusiasmado/a, estou ansioso/a para me desenvolver.","Excelente, estou compreendendo bem todos os conceitos apresentados.",,Mais ou menos.,Algumas partes poderiam ser mais lentas.,"Sim, estou conseguindo revisar os conteúdos quando necessário.","Regular, às vezes me pego distraído/a ou não totalmente focado/a.","Sim, ocasionalmente sou solicitado/a em outras tarefas, mas consigo lidar com isso sem problemas.",0,107.0,94.0,
meuemail91@mail.com,"Mais ou menos, mas consigo me ajustar.","Pretendo, e já reservei o horário das aulas para focar no treinamento.","Sim, a duração das aulas é ideal.","Sim, minha equipe está ciente e acredito que vão colaborar para minha participação no treinamento ser eficiente.","Muito entusiasmado/a, estou ansioso/a para me desenvolver.","Excelente, estou compreendendo bem todos os conceitos apresentados.",,"Sim, o ritmo do treinamento está adequado para mim.",,"Sim, estou conseguindo revisar os conteúdos quando necessário.","Muito boa, estou participando ativamente e dedicando o tempo necessário.","Não, consigo me concentrar no treinamento sem interrupções.",0,71.0,72.0,
meuemail54@mail.com,"Sim, o horário é ótimo para minha disponibilidade.","Pretendo, e já reservei o horário das aulas para focar no treinamento.","Sim, a duração das aulas é ideal.","Sim, minha equipe está ciente e acredito que vão colaborar para minha participação no treinamento ser eficiente.","Muito entusiasmado/a, estou ansioso/a para me desenvolver.","Excelente, estou compreendendo bem todos os conceitos apresentados.",,"Sim, o ritmo do treinamento está adequado para mim.",,"Sim, estou conseguindo revisar os conteúdos quando necessário.","Muito boa, estou participando ativamente e dedicando o tempo necessário.","Não, consigo me concentrar no treinamento sem interrupções.",0,194.0,89.0,
meuemail27@mail.com,"Sim, o horário é ótimo para minha disponibilidade.","Pretendo, e já reservei o horário das aulas para focar no treinamento.","Sim, a duração das aulas é ideal.","Mais ou menos, imagino que terei interrupções às vezes, mas acredito que conseguirei lidar com elas para não afetar meu desempenho no treinamento.","Muito entusiasmado/a, estou ansioso/a para me desenvolver.","Excelente, estou compreendendo bem todos os conceitos apresentados.",,Mais ou menos.,Algumas partes poderiam ser mais lentas.,"Não, estou com dificuldades para revisar os conteúdos conforme necessário.","Muito boa, estou participando ativamente e dedicando o tempo necessário.","Não, consigo me concentrar no treinamento sem interrupções.",0,65.0,161.0,neutro
meuemail77@mail.com,"Mais ou menos, mas consigo me ajustar.","Pretendo, mas ocasionalmente podem surgir urgências que precisarei priorizar.","Talvez, mas algumas aulas poderiam ser mais curtas.","Sim, minha equipe está ciente e acredito que vão colaborar para minha participação no treinamento ser eficiente.","Muito entusiasmado/a, estou ansioso/a para me desenvolver.","Excelente, estou compreendendo bem todos os conceitos apresentados.",,"Sim, o ritmo do treinamento está adequado para mim.",,"Sim, estou conseguindo revisar os conteúdos quando necessário.","Muito boa, estou participando ativamente e dedicando o tempo necessário.","Não, consigo me concentrar no treinamento sem interrupções.",1,217.0,262.0,positivo
meuemail62@mail.com,"Mais ou menos, mas consigo me ajustar.","Pretendo, mas ocasionalmente podem surgir urgências que precisarei priorizar.","Sim, a duração das aulas é ideal.","Sim, minha equipe está ciente e acredito que vão colaborar para minha participação no treinamento ser eficiente.","Muito entusiasmado/a, estou ansioso/a para me desenvolver.","Excelente, estou compreendendo bem todos os conceitos apresentados.",,"Sim, o ritmo do treinamento está adequado para mim.",,"Sim, estou conseguindo revisar os conteúdos quando necessário.","Muito boa, estou participando ativamente e dedicando o tempo necessário.","Não, consigo me concentrar no treinamento sem interrupções.",0,56.0,76.0,positivo
meuemail11@mail.com,"Sim, o horário é ótimo para minha disponibilidade.","Pretendo, e já reservei o horário das aulas para focar no treinamento.","Sim, a duração das aulas é ideal.","Sim, minha equipe está ciente e acredito que vão colaborar para minha participação no treinamento ser eficiente.","Muito entusiasmado/a, estou ansioso/a para me desenvolver.","Excelente, estou compreendendo bem todos os conceitos apresentados.",,"Sim, o ritmo do treinamento está adequado para mim.",,"Sim, estou conseguindo revisar os conteúdos quando necessário.","Regular, às vezes me pego distraído/a ou não totalmente focado/a.","Não, consigo me concentrar no treinamento sem interrupções.",0,57.0,138.0,neutro
meuemail46@mail.com,"Não, este não é o melhor momento para mim devido a compromissos prévios.","Pretendo, e já reservei o horário das aulas para focar no treinamento.","Talvez, mas algumas aulas poderiam ser mais curtas.","Mais ou menos, imagino que terei interrupções às vezes, mas acredito que conseguirei lidar com elas para não afetar meu desempenho no treinamento.","Neutro/a, estou aberto/a às informações, mas não estou especialmente entusiasmado/a.","Excelente, estou compreendendo bem todos os conceitos apresentados.",,"Sim, o ritmo do treinamento está adequado para mim.",,"Não, estou com dificuldades para revisar os conteúdos conforme necessário.","Muito boa, estou participando ativamente e dedicando o tempo necessário.","Sim, ocasionalmente sou solicitado/a em outras tarefas, mas consigo lidar com isso sem problemas.",0,57.0,57.0,
meuemail111@mail.com,"Sim, o horário é ótimo para minha disponibilidade.","Pretendo, mas ocasionalmente podem surgir urgências que precisarei priorizar.","Sim, a duração das aulas é ideal.","Mais ou menos, imagino que terei interrupções às vezes, mas acredito que conseguirei lidar com elas para não afetar meu desempenho no treinamento.","Muito entusiasmado/a, estou ansioso/a para me desenvolver.","Excelente, estou compreendendo bem todos os conceitos apresentados.",,Mais ou menos.,Algumas partes poderiam ser mais rápidas.,"Sim, estou conseguindo revisar os conteúdos quando necessário.","Muito boa, estou participando ativamente e dedicando o tempo necessário.","Não, consigo me concentrar no treinamento sem interrupções.",2,63.0,64.0,
meuemail81@mail.com,"Sim, o horário é ótimo para minha disponibilidade.","Pretendo, e já reservei o horário das aulas para focar no treinamento.","Sim, a duração das aulas é ideal.","Sim, minha equipe está ciente e acredito que vão colaborar para minha participação no treinamento ser eficiente.","Muito entusiasmado/a, estou ansioso/a para me desenvolver.","Excelente, estou compreendendo bem todos os conceitos apresentados.",,"Sim, o ritmo do treinamento está adequado para mim.",,"Sim, estou conseguindo revisar os conteúdos quando necessário.","Regular, às vezes me pego distraído/a ou não totalmente focado/a.","Sim, ocasionalmente sou solicitado/a em outras tarefas, mas consigo lidar com isso sem problemas.",0,259.0,116.0,positivo
meuemail73@mail.com,"Sim, o horário é ótimo para minha disponibilidade.","Pretendo, e já reservei o horário das aulas para focar no treinamento.","Sim, a duração das aulas é ideal.","Sim, minha equipe está ciente e acredito que vão colaborar para minha participação no treinamento ser eficiente.","Muito entusiasmado/a, estou ansioso/a para me desenvolver.","Boa, a maioria dos tópicos é clara, mas alguns podem ser explicados de forma mais detalhada.","Quando necessário, peço ao/a instrutor/a que explique novamente.",Mais ou menos.,Algumas partes poderiam ser mais lentas.,"Não, estou com dificuldades para revisar os conteúdos conforme necessário.","Regular, às vezes me pego distraído/a ou não totalmente focado/a.","Não, consigo me concentrar no treinamento sem interrupções.",0,113.0,126.0,
meuemail69@mail.com,"Mais ou menos, mas consigo me ajustar.","Pretendo, e já reservei o horário das aulas para focar no treinamento.","Talvez, mas algumas aulas poderiam ser mais curtas.","Mais ou menos, imagino que terei interrupções às vezes, mas acredito que conseguirei lidar com elas para não afetar meu desempenho no treinamento.","Muito entusiasmado/a, estou ansioso/a para me desenvolver.","Excelente, estou compreendendo bem todos os conceitos apresentados.",,"Sim, o ritmo do treinamento está adequado para mim.",,"Não, não senti necessidade de revisar os conteúdos.","Muito boa, estou participando ativamente e dedicando o tempo necessário.","Não, consigo me concentrar no treinamento sem interrupções.",0,120.0,229.0,positivo
meuemail43@mail.com,"Sim, o horário é ótimo para minha disponibilidade.","Pretendo, e já reservei o horário das aulas para focar no treinamento.","Sim, a duração das aulas é ideal.","Sim, minha equipe está ciente e acredito que vão colaborar para minha participação no treinamento ser eficiente.","Muito entusiasmado/a, estou ansioso/a para me desenvolver.","Excelente, estou compreendendo bem todos os conceitos apresentados.",,"Sim, o ritmo do treinamento está adequado para mim.",,"Não, estou com dificuldades para revisar os conteúdos conforme necessário.","Regular, às vezes me pego distraído/a ou não totalmente focado/a.","Sim, ocasionalmente sou solicitado/a em outras tarefas, mas consigo lidar com isso sem problemas.",0,85.0,102.0,positivo
meuemail56@mail.com,"Sim, o horário é ótimo para minha disponibilidade.","Pretendo, e já reservei o horário das aulas para focar no treinamento.","Talvez, mas algumas aulas poderiam ser mais curtas.","Sim, minha equipe está ciente e acredito que vão colaborar para minha participação no treinamento ser eficiente.","Muito entusiasmado/a, estou ansioso/a para me desenvolver.","Boa, a maioria dos tópicos é clara, mas alguns podem ser explicados de forma mais detalhada.","Quando necessário, peço ao/a instrutor/a que explique novamente.",Mais ou menos.,Algumas partes poderiam ser mais lentas.,"Não, estou com dificuldades para revisar os conteúdos conforme necessário.","Regular, às vezes me pego distraído/a ou não totalmente focado/a.","Sim, ocasionalmente sou solicitado/a em outras tarefas, mas consigo lidar com isso sem problemas.",0,182.0,147.0,
meuemail37@mail.com,"Sim, o horário é ótimo para minha disponibilidade.","Pretendo, e já reservei o horário das aulas para focar no treinamento.","Sim, a duração das aulas é ideal.","Sim, minha equipe está ciente e acredito que vão colaborar para minha participação no treinamento ser eficiente.","Muito entusiasmado/a, estou ansioso/a para me desenvolver.","Regular, estou tendo dificuldades para acompanhar ou entender alguns pontos.","Quando necessário, peço ao/a instrutor/a que explique novamente.","Sim, o ritmo do treinamento está adequado para mim.",,"Sim, estou conseguindo revisar os conteúdos quando necessário.","Regular, às vezes me pego distraído/a ou não totalmente focado/a.","Sim, ocasionalmente sou solicitado/a em outras tarefas, mas consigo lidar com isso sem problemas.",2,70.0,216.0,negativo
meuemail78@mail.com,"Mais ou menos, mas consigo me ajustar.","Pretendo, e já reservei o horário das aulas para focar no treinamento.","Sim, a duração das aulas é ideal.","Mais ou menos, imagino que terei interrupções às vezes, mas acredito que conseguirei lidar com elas para não afetar meu desempenho no treinamento.","Muito entusiasmado/a, estou ansioso/a para me desenvolver.","Excelente, estou compreendendo bem todos os conceitos apresentados.",,"Sim, o ritmo do treinamento está adequado para mim.",,"Não, não senti necessidade de revisar os conteúdos.","Muito boa, estou participando ativamente e dedicando o tempo necessário.","Sim, ocasionalmente sou solicitado/a em outras tarefas, mas consigo lidar com isso sem problemas.",0,117.0,134.0,positivo
meuemail65@mail.com,"Sim, o horário é ótimo para minha disponibilidade.","Pretendo, e já reservei o horário das aulas para focar no treinamento.","Sim, a duração das aulas é ideal.","Sim, minha equipe está ciente e acredito que vão colaborar para minha participação no treinamento ser eficiente.","Muito entusiasmado/a, estou ansioso/a para me desenvolver.","Excelente, estou compreendendo bem todos os conceitos apresentados.",,"Sim, o ritmo do treinamento está adequado para mim.",,"Sim, estou conseguindo revisar os conteúdos quando necessário.","Regular, às vezes me pego distraído/a ou não totalmente focado/a.","Não, consigo me concentrar no treinamento sem interrupções.",1,76.0,73.0,
meuemail28@mail.com,"Não, este não é o melhor momento para mim devido a compromissos prévios.","Não pretendo, em alguns dias de aula já tenho outra atividade que não consigo encaixar em outro horário.","Talvez, mas algumas aulas poderiam ser mais curtas.","Mais ou menos, imagino que terei interrupções às vezes, mas acredito que conseguirei lidar com elas para não afetar meu desempenho no treinamento.","Neutro/a, estou aberto/a às informações, mas não estou especialmente entusiasmado/a.","Regular, estou tendo dificuldades para acompanhar ou entender alguns pontos.",Não me sinto confortável para pedir ao/a instrutor/a que explique novamente.,Mais ou menos.,Algumas partes poderiam ser mais lentas.,"Não, estou com dificuldades para revisar os conteúdos conforme necessário.","Regular, às vezes me pego distraído/a ou não totalmente focado/a.","Sim, ocasionalmente sou solicitado/a em outras tarefas, mas consigo lidar com isso sem problemas.",0,105.0,204.0,negativo
meuemail93@mail.com,"Sim, o horário é ótimo para minha disponibilidade.","Pretendo, e já reservei o horário das aulas para focar no treinamento.","Sim, a duração das aulas é ideal.","Sim, minha equipe está ciente e acredito que vão colaborar para minha participação no treinamento ser eficiente.","Muito entusiasmado/a, estou ansioso/a para me desenvolver.","Excelente, estou compreendendo bem todos os conceitos apresentados.",,"Sim, o ritmo do treinamento está adequado para mim.",,"Sim, estou conseguindo revisar os conteúdos quando necessário.","Muito boa, estou participando ativamente e dedicando o tempo necessário.","Não, consigo me concentrar no treinamento sem interrupções.",4,113.0,164.0,
meuemail80@mail.com,"Sim, o horário é ótimo para minha disponibilidade.","Pretendo, e já reservei o horário das aulas para focar no treinamento.","Sim, a duração das aulas é ideal.","Sim, minha equipe está ciente e acredito que vão colaborar para minha participação no treinamento ser eficiente.","Muito entusiasmado/a, estou ansioso/a para me desenvolver.","Excelente, estou compreendendo bem todos os conceitos apresentados.",,"Sim, o ritmo do treinamento está adequado para mim.",,"Sim, estou conseguindo revisar os conteúdos quando necessário.","Muito boa, estou participando ativamente e dedicando o tempo necessário.","Não, consigo me concentrar no treinamento sem interrupções.",0,85.0,373.0,positivo
meuemail58@mail.com,"Sim, o horário é ótimo para minha disponibilidade.","Pretendo, e já reservei o horário das aulas para focar no treinamento.","Sim, a duração das aulas é ideal.","Sim, minha equipe está ciente e acredito que vão colaborar para minha participação no treinamento ser eficiente.","Muito entusiasmado/a, estou ansioso/a para me desenvolver.","Excelente, estou compreendendo bem todos os conceitos apresentados.",,Mais ou menos.,Algumas partes poderiam ser mais lentas.,"Sim, estou conseguindo revisar os conteúdos quando necessário.","Muito boa, estou participando ativamente e dedicando o tempo necessário.","Sim, ocasionalmente sou solicitado/a em outras tarefas, mas consigo lidar com isso sem problemas.",0,102.0,249.0,
meuemail4@mail.com,"Sim, o horário é ótimo para minha disponibilidade.","Pretendo, e já reservei o horário das aulas para focar no treinamento.","Sim, a duração das aulas é ideal.","Sim, minha equipe está ciente e acredito que vão colaborar para minha participação no treinamento ser eficiente.","Muito entusiasmado/a, estou ansioso/a para me desenvolver.","Excelente, estou compreendendo bem todos os conceitos apresentados.",,"Sim, o ritmo do treinamento está adequado para mim.",,"Não, estou com dificuldades para revisar os conteúdos conforme necessário.","Regular, às vezes me pego distraído/a ou não totalmente focado/a.","Sim, ocasionalmente sou solicitado/a em outras tarefas, mas consigo lidar com isso sem problemas.",0,263.0,740.0,neutro
meuemail9@mail.com,"Sim, o horário é ótimo para minha disponibilidade.","Pretendo, e já reservei o horário das aulas para focar no treinamento.","Sim, a duração das aulas é ideal.","Sim, minha equipe está ciente e acredito que vão colaborar para minha participação no treinamento ser eficiente.","Muito entusiasmado/a, estou ansioso/a para me desenvolver.","Excelente, estou compreendendo bem todos os conceitos apresentados.",,"Sim, o ritmo do treinamento está adequado para mim.",,"Sim, estou conseguindo revisar os conteúdos quando necessário.","Muito boa, estou participando ativamente e dedicando o tempo necessário.","Não, consigo me concentrar no treinamento sem interrupções.",1,90.0,58.0,
meuemail103@mail.com,"Mais ou menos, mas consigo me ajustar.","Pretendo, e já reservei o horário das aulas para focar no treinamento.","Talvez, mas algumas aulas poderiam ser mais curtas.","Sim, minha equipe está ciente e acredito que vão colaborar para minha participação no treinamento ser eficiente.","Muito entusiasmado/a, estou ansioso/a para me desenvolver.","Excelente, estou compreendendo bem todos os conceitos apresentados.",,Mais ou menos.,Algumas partes poderiam ser mais lentas.,"Sim, estou conseguindo revisar os conteúdos quando necessário.","Regular, às vezes me pego distraído/a ou não totalmente focado/a.","Sim, ocasionalmente sou solicitado/a em outras tarefas, mas consigo lidar com isso sem problemas.",1,65.0,181.0,negativo
meuemail32@mail.com,"Sim, o horário é ótimo para minha disponibilidade.","Pretendo, e já reservei o horário das aulas para focar no treinamento.","Sim, a duração das aulas é ideal.","Sim, minha equipe está ciente e acredito que vão colaborar para minha participação no treinamento ser eficiente.","Muito entusiasmado/a, estou ansioso/a para me desenvolver.","Excelente, estou compreendendo bem todos os conceitos apresentados.",,"Sim, o ritmo do treinamento está adequado para mim.",,"Sim, estou conseguindo revisar os conteúdos quando necessário.","Muito boa, estou participando ativamente e dedicando o tempo necessário.","Sim, ocasionalmente sou solicitado/a em outras tarefas, mas consigo lidar com isso sem problemas.",0,75.0,238.0,
meuemail99@mail.com,"Mais ou menos, mas consigo me ajustar.","Pretendo, e já reservei o horário das aulas para focar no treinamento.","Sim, a duração das aulas é ideal.","Sim, minha equipe está ciente e acredito que vão colaborar para minha participação no treinamento ser eficiente.","Muito entusiasmado/a, estou ansioso/a para me desenvolver.","Excelente, estou compreendendo bem todos os conceitos apresentados.",,"Sim, o ritmo do treinamento está adequado para mim.",,"Sim, estou conseguindo revisar os conteúdos quando necessário.","Muito boa, estou participando ativamente e dedicando o tempo necessário.","Não, consigo me concentrar no treinamento sem interrupções.",1,207.0,645.0,positivo
meuemail24@mail.com,"Mais ou menos, mas consigo me ajustar.","Pretendo, mas ocasionalmente podem surgir urgências que precisarei priorizar.","Talvez, mas algumas aulas poderiam ser mais curtas.","Sim, minha equipe está ciente e acredito que vão colaborar para minha participação no treinamento ser eficiente.","Neutro/a, estou aberto/a às informações, mas não estou especialmente entusiasmado/a.","Excelente, estou compreendendo bem todos os conceitos apresentados.",,"Sim, o ritmo do treinamento está adequado para mim.",,"Não, não senti necessidade de revisar os conteúdos.","Muito boa, estou participando ativamente e dedicando o tempo necessário.","Não, consigo me concentrar no treinamento sem interrupções.",3,412.0,282.0,neutro
meuemail107@mail.com,"Mais ou menos, mas consigo me ajustar.","Pretendo, mas ocasionalmente podem surgir urgências que precisarei priorizar.","Talvez, mas algumas aulas poderiam ser mais curtas.","Mais ou menos, imagino que terei interrupções às vezes, mas acredito que conseguirei lidar com elas para não afetar meu desempenho no treinamento.","Muito entusiasmado/a, estou ansioso/a para me desenvolver.","Boa, a maioria dos tópicos é clara, mas alguns podem ser explicados de forma mais detalhada.","Quando necessário, peço ao/a instrutor/a que explique novamente.",Mais ou menos.,Algumas partes poderiam ser mais lentas.,"Não, estou com dificuldades para revisar os conteúdos conforme necessário.","Regular, às vezes me pego distraído/a ou não totalmente focado/a.","Sim, estou sendo frequentemente interrompido/a por outras demandas, o que dificulta meu foco no treinamento.",1,18449.0,177.0,negativo
meuemail36@mail.com,"Sim, o horário é ótimo para minha disponibilidade.","Pretendo, e já reservei o horário das aulas para focar no treinamento.","Sim, a duração das aulas é ideal.","Sim, minha equipe está ciente e acredito que vão colaborar para minha participação no treinamento ser eficiente.","Muito entusiasmado/a, estou ansioso/a para me desenvolver.","Excelente, estou compreendendo bem todos os conceitos apresentados.",,"Sim, o ritmo do treinamento está adequado para mim.",,"Sim, estou conseguindo revisar os conteúdos quando necessário.","Muito boa, estou participando ativamente e dedicando o tempo necessário.","Não, consigo me concentrar no treinamento sem interrupções.",5,100.0,123.0,neutro
meuemail74@mail.com,"Sim, o horário é ótimo para minha disponibilidade.","Pretendo, e já reservei o horário das aulas para focar no treinamento.","Sim, a duração das aulas é ideal.","Sim, minha equipe está ciente e acredito que vão colaborar para minha participação no treinamento ser eficiente.","Muito entusiasmado/a, estou ansioso/a para me desenvolver.","Excelente, estou compreendendo bem todos os conceitos apresentados.",,"Sim, o ritmo do treinamento está adequado para mim.",,"Sim, estou conseguindo revisar os conteúdos quando necessário.","Muito boa, estou participando ativamente e dedicando o tempo necessário.","Sim, ocasionalmente sou solicitado/a em outras tarefas, mas consigo lidar com isso sem problemas.",0,57.0,91.0,positivo
meuemail68@mail.com,"Sim, o horário é ótimo para minha disponibilidade.","Pretendo, e já reservei o horário das aulas para focar no treinamento.","Sim, a duração das aulas é ideal.","Sim, minha equipe está ciente e acredito que vão colaborar para minha participação no treinamento ser eficiente.","Muito entusiasmado/a, estou ansioso/a para me desenvolver.","Excelente, estou compreendendo bem todos os conceitos apresentados.",,"Sim, o ritmo do treinamento está adequado para mim.",,"Sim, estou conseguindo revisar os conteúdos quando necessário.","Muito boa, estou participando ativamente e dedicando o tempo necessário.","Não, consigo me concentrar no treinamento sem interrupções.",0,67.0,68.0,
meuemail112@mail.com,"Mais ou menos, mas consigo me ajustar.","Pretendo, mas ocasionalmente podem surgir urgências que precisarei priorizar.","Talvez, mas algumas aulas poderiam ser mais curtas.","Mais ou menos, imagino que terei interrupções às vezes, mas acredito que conseguirei lidar com elas para não afetar meu desempenho no treinamento.","Muito entusiasmado/a, estou ansioso/a para me desenvolver.","Excelente, estou compreendendo bem todos os conceitos apresentados.",,Mais ou menos.,Algumas partes poderiam ser mais lentas.,"Não, estou com dificuldades para revisar os conteúdos conforme necessário.","Regular, às vezes me pego distraído/a ou não totalmente focado/a.","Sim, ocasionalmente sou solicitado/a em outras tarefas, mas consigo lidar com isso sem problemas.",2,138.0,10650.0,
meuemail101@mail.com,"Mais ou menos, mas consigo me ajustar.","Pretendo, e já reservei o horário das aulas para focar no treinamento.","Sim, a duração das aulas é ideal.","Sim, minha equipe está ciente e acredito que vão colaborar para minha participação no treinamento ser eficiente.","Muito entusiasmado/a, estou ansioso/a para me desenvolver.","Excelente, estou compreendendo bem todos os conceitos apresentados.",,"Sim, o ritmo do treinamento está adequado para mim.",,"Não, estou com dificuldades para revisar os conteúdos conforme necessário.","Muito boa, estou participando ativamente e dedicando o tempo necessário.","Sim, ocasionalmente sou solicitado/a em outras tarefas, mas consigo lidar com isso sem problemas.",0,133.0,125.0,positivo
meuemail108@mail.com,"Mais ou menos, mas consigo me ajustar.","Pretendo, e já reservei o horário das aulas para focar no treinamento.","Talvez, mas algumas aulas poderiam ser mais curtas.","Sim, minha equipe está ciente e acredito que vão colaborar para minha participação no treinamento ser eficiente.","Muito entusiasmado/a, estou ansioso/a para me desenvolver.","Excelente, estou compreendendo bem todos os conceitos apresentados.",,"Sim, o ritmo do treinamento está adequado para mim.",,"Sim, estou conseguindo revisar os conteúdos quando necessário.","Muito boa, estou participando ativamente e dedicando o tempo necessário.","Não, consigo me concentrar no treinamento sem interrupções.",0,120.0,139.0,
meuemail15@mail.com,"Sim, o horário é ótimo para minha disponibilidade.","Pretendo, mas ocasionalmente podem surgir urgências que precisarei priorizar.","Sim, a duração das aulas é ideal.","Mais ou menos, imagino que terei interrupções às vezes, mas acredito que conseguirei lidar com elas para não afetar meu desempenho no treinamento.","Muito entusiasmado/a, estou ansioso/a para me desenvolver.","Boa, a maioria dos tópicos é clara, mas alguns podem ser explicados de forma mais detalhada.","Quando necessário, peço ao/a instrutor/a que explique novamente.",Mais ou menos.,Algumas partes poderiam ser mais lentas.,"Não, estou com dificuldades para revisar os conteúdos conforme necessário.","Regular, às vezes me pego distraído/a ou não totalmente focado/a.","Sim, ocasionalmente sou solicitado/a em outras tarefas, mas consigo lidar com isso sem problemas.",0,67.0,185.0,negativo
meuemail109@mail.com,"Sim, o horário é ótimo para minha disponibilidade.","Pretendo, e já reservei o horário das aulas para focar no treinamento.","Sim, a duração das aulas é ideal.","Sim, minha equipe está ciente e acredito que vão colaborar para minha participação no treinamento ser eficiente.","Muito entusiasmado/a, estou ansioso/a para me desenvolver.","Excelente, estou compreendendo bem todos os conceitos apresentados.",,"Sim, o ritmo do treinamento está adequado para mim.",,"Sim, estou conseguindo revisar os conteúdos quando necessário.","Muito boa, estou participando ativamente e dedicando o tempo necessário.","Não, consigo me concentrar no treinamento sem interrupções.",0,44.0,350.0,positivo
meuemail38@mail.com,"Sim, o horário é ótimo para minha disponibilidade.","Pretendo, e já reservei o horário das aulas para focar no treinamento.","Sim, a duração das aulas é ideal.","Sim, minha equipe está ciente e acredito que vão colaborar para minha participação no treinamento ser eficiente.","Muito entusiasmado/a, estou ansioso/a para me desenvolver.","Excelente, estou compreendendo bem todos os conceitos apresentados.",,"Sim, o ritmo do treinamento está adequado para mim.",,"Sim, estou conseguindo revisar os conteúdos quando necessário.","Muito boa, estou participando ativamente e dedicando o tempo necessário.","Sim, ocasionalmente sou solicitado/a em outras tarefas, mas consigo lidar com isso sem problemas.",0,32.0,72.0,positivo
meuemail89@mail.com,"Sim, o horário é ótimo para minha disponibilidade.","Não pretendo, em alguns dias de aula já tenho outra atividade que não consigo encaixar em outro horário.","Sim, a duração das aulas é ideal.","Sim, minha equipe está ciente e acredito que vão colaborar para minha participação no treinamento ser eficiente.","Muito entusiasmado/a, estou ansioso/a para me desenvolver.","Regular, estou tendo dificuldades para acompanhar ou entender alguns pontos.","Quando necessário, peço ao/a instrutor/a que explique novamente.",Mais ou menos.,Algumas partes poderiam ser mais lentas.,"Não, estou com dificuldades para revisar os conteúdos conforme necessário.","Muito boa, estou participando ativamente e dedicando o tempo necessário.","Não, consigo me concentrar no treinamento sem interrupções.",0,629.0,764.0,negativo
